"","Astro","Micro","Endo","Oligo","OPC","Inh","Exc"
"cg13129833",0.0102040816326531,0.979381443298969,0.803921568627451,0.89419795221843,0.909090909090909,0.88,0.409836065573771
"cg13204462",0.0444444444444444,1,1,1,1,1,1
"cg27362167",0,1,1,0.915492957746479,0.888888888888889,0.977272727272727,1
"cg20035206",0.0232558139534884,0.970588235294118,0.923076923076923,0.963636363636364,1,0.963636363636364,1
"cg13367234",0.0185185185185185,1,0.416666666666667,0.959459459459459,0,0.982456140350877,0.941860465116279
"cg08898515",0,0.962962962962963,0.80952380952381,0.914285714285714,1,0.980392156862745,0.859375
"cg23131909",0.0612244897959184,0.945945945945946,0.375,0.939024390243902,0.954545454545455,0.964912280701754,0.983333333333333
"cg00648203",0,0.92,0.909090909090909,0.953488372093023,0.923076923076923,0.891891891891892,0.970588235294118
"cg15036118",0.0545454545454545,1,0.222222222222222,0.964912280701754,1,1,0.957746478873239
"cg17247149",0,1,0.882352941176471,1,0.9,1,0.938775510204082
"cg02194396",1,0.428571428571429,0.7,0,0,0,0.0357142857142857
"cg09514524",0,1,1,0.916666666666667,0.916666666666667,0.972222222222222,0.981481481481482
"cg06555404",0.0731707317073171,1,1,0.984126984126984,1,0.977272727272727,0.938461538461538
"cg07037032",0,0.977777777777778,1,0.951923076923077,0.846153846153846,1,0.958333333333333
"cg08588357",0.0277777777777778,0.909090909090909,1,1,1,0.953488372093023,0.983333333333333
"cg24454741",0.0217391304347826,1,0.823529411764706,0.924731182795699,0.941176470588235,0.938775510204082,0.813559322033898
"cg02274236",0.0303030303030303,0.976744186046512,1,1,1,0.95,1
"cg00503690",0,0.961538461538462,1,0.980392156862745,1,0.96,0.947368421052632
"cg05540639",0.0487804878048781,0.962962962962963,1,0.974358974358974,1,0.925,1
"cg02279471",0,0.961538461538462,1,0.903508771929825,0.416666666666667,1,0.985507246376812
"cg13743731",0,0.875,1,0.96551724137931,1,0.95,0.981132075471698
"cg17872658",0,1,0.85,0.964285714285714,0.769230769230769,1,0.953846153846154
"cg16681083",0.0681818181818182,1,1,0.920792079207921,1,0.888888888888889,0.98
"cg09974304",0,0.90625,0.875,0.909090909090909,0.9,0.96875,1
"cg10814803",0.0526315789473684,0.941176470588235,1,0.967741935483871,0.888888888888889,1,0.962962962962963
"cg26233866",0,1,1,0.946428571428571,1,0.857142857142857,0.931034482758621
"cg04747007",0,0.878787878787879,0.833333333333333,0.96078431372549,1,0.978260869565217,0.934426229508197
"cg13048591",0.0606060606060606,0.975609756097561,0.875,1,0.923076923076923,1,0.948051948051948
"cg17876641",0,0.95,1,0.98876404494382,1,0.878048780487805,0.854545454545454
"cg05844409",0,0.96969696969697,0.96,0.980769230769231,1,1,0.981481481481482
"cg10196902",0.108695652173913,1,0.916666666666667,0.893333333333333,1,1,1
"cg19988181",0.03125,1,0.75,1,1,1,1
"cg01961086",0.0857142857142857,0.925925925925926,1,0.991071428571429,1,1,0.956521739130435
"cg03317820",0,0.941176470588235,0.875,0.929824561403509,0.6,0.902439024390244,0.919354838709677
"cg04098263",0.0588235294117647,0.944444444444444,1,1,0.916666666666667,1,1
"cg22519912",0,0.966666666666667,1,0.963636363636364,0.733333333333333,0.930232558139535,1
"cg13537237",0.0454545454545455,0.551724137931034,0.888888888888889,0.93,1,1,0.981481481481482
"cg20303561",0.0256410256410256,0.9375,0.916666666666667,0.935483870967742,0.888888888888889,0.976190476190476,0.972972972972973
"cg01120369",0.0645161290322581,1,1,0.977777777777778,1,1,1
"cg25957092",0,0.961538461538462,1,0.884615384615385,1,0.978723404255319,0.971830985915493
"cg17091056",0.0714285714285714,0.939393939393939,0.571428571428571,0.956521739130435,1,1,0.962962962962963
"cg09127170",0.0571428571428571,1,1,0.96,0.818181818181818,1,0.942307692307692
"cg01013023",0.105263157894737,1,1,0.982142857142857,1,1,0.974358974358974
"cg01443852",0,0.933333333333333,0.916666666666667,0.793650793650794,0.666666666666667,0.909090909090909,1
"cg08651590",0,0.974358974358974,0.894736842105263,0.948717948717949,0.944444444444444,0.959183673469388,0.903225806451613
"cg03129774",0,0.896551724137931,1,0.901639344262295,1,0.976190476190476,0.958333333333333
"cg02189951",0.521072796934866,0.025,0.0283018867924528,0.161676646706587,0.064,0.299120234604106,0.224400871459695
"cg13618969",0.207547169811321,1,0.846153846153846,1,1,0.96969696969697,0.982456140350877
"cg06348826",0.116279069767442,0.833333333333333,0.944444444444444,0.964912280701754,0.823529411764706,1,1
"cg02220837",0,1,0.875,1,0.875,1,0.714285714285714
"cg20402747",0,0.958333333333333,0.941176470588235,0.879310344827586,0.923076923076923,0.951219512195122,0.842105263157895
"cg14838600",0.03125,1,0.9375,0.964285714285714,1,1,1
"cg20157095",0.116279069767442,0.972222222222222,0.75,0.96551724137931,1,1,0.962264150943396
"cg10115320",0.0434782608695652,0.96551724137931,1,0.839506172839506,0.916666666666667,0.864864864864865,0.978723404255319
"cg27444751",0.0666666666666667,0.85,0.75,0.888888888888889,1,1,0.977272727272727
"cg21324884",0.755555555555556,0,0.111111111111111,0.0181818181818182,0,0,0
"cg01764808",0.0454545454545455,1,0.846153846153846,0.565022421524664,0.62962962962963,0.545454545454545,0.744525547445255
"cg11750112",0.027027027027027,0.892857142857143,0.857142857142857,0.943661971830986,1,0.971428571428571,0.959183673469388
"cg16397852",0,0.931034482758621,1,0.865384615384615,0.823529411764706,1,0.979166666666667
"cg02839622",0,1,0.84,0.936170212765957,1,1,0.96078431372549
"cg20903433",0.0851063829787234,0.96,0.909090909090909,0.904761904761905,0.777777777777778,0.972222222222222,0.964912280701754
"cg03256938",0,0.921052631578947,0.833333333333333,0.987179487179487,1,0.851851851851852,0.948275862068966
"cg23589728",0.075,0.961538461538462,1,0.931372549019608,0.857142857142857,0.921052631578947,0.958333333333333
"cg06809364",0,0.923076923076923,0.727272727272727,0.903846153846154,1,0.935483870967742,0.956521739130435
"cg26344982",0,1,0.705882352941177,1,0.777777777777778,1,0.708333333333333
"cg11302992",0.0606060606060606,1,0.944444444444444,0.96,1,1,0.979591836734694
"cg14236011",0,0.9,0.842105263157895,0.96078431372549,0.882352941176471,0.769230769230769,0.964912280701754
"cg04256248",0.136363636363636,1,0.857142857142857,0.943181818181818,1,0.973684210526316,0.96
"cg11684115",0,0.933333333333333,0.615384615384615,0.898876404494382,0.833333333333333,0.951219512195122,0.978260869565217
"cg18238808",0.0294117647058824,0.869565217391304,0.823529411764706,1,1,0.96875,1
"cg13547132",0.162162162162162,0.962962962962963,0.941176470588235,0.981818181818182,1,1,0.977272727272727
"cg24393783",0.0277777777777778,0.962962962962963,0.923076923076923,1,0.785714285714286,0.947368421052632,0.903846153846154
"cg02421172",0,1,1,0.982758620689655,1,0.98,0.975609756097561
"cg11424674",0.024390243902439,0.888888888888889,1,0.982758620689655,1,0.827586206896552,0.916666666666667
"cg04588356",0.02,1,0.916666666666667,0.703296703296703,0.555555555555556,0.95,0.96875
"cg07621758",0,0.931818181818182,1,0.89873417721519,0.941176470588235,0.983333333333333,0.96969696969697
"cg17400113",0,0.885714285714286,0.9,1,0.916666666666667,1,0.82258064516129
"cg06437430",0,0.96,1,0.861111111111111,0.941176470588235,0.909090909090909,0.959183673469388
"cg27454789",0.153846153846154,1,1,0.934426229508197,0.947368421052632,0.891891891891892,0.929824561403509
"cg03555914",0.0303030303030303,0.9375,0.947368421052632,0.938271604938272,1,0.947368421052632,0.95
"cg16553757",0.0238095238095238,0.789473684210526,0.533333333333333,0.842857142857143,1,0.980769230769231,0.969230769230769
"cg25909064",0.105263157894737,0.96875,0.333333333333333,1,1,1,0.950819672131147
"cg00437048",0.0540540540540541,0.952380952380952,1,0.970588235294118,1,0.970588235294118,0.956521739130435
"cg15774864",0.032258064516129,1,1,0.911764705882353,1,1,1
"cg20971527",0.0285714285714286,0.95,0.875,0.907216494845361,0.928571428571429,0.956521739130435,0.979591836734694
"cg20110535",0.0697674418604651,0.625,0.92,0.929824561403509,0.941176470588235,0.978260869565217,0.986111111111111
"cg14582279",0.0357142857142857,1,1,0.982456140350877,1,0.972972972972973,1
"cg25388715",0,0.866666666666667,0.272727272727273,0.984126984126984,0.928571428571429,1,1
"cg19263228",0.0571428571428571,0.9375,0.75,0.958762886597938,0.8,1,1
"cg01348757",0,0.971428571428571,1,0.954545454545455,0.928571428571429,1,0.970588235294118
"cg26318206",0,0.970588235294118,0.714285714285714,0.6,0.615384615384615,0.895833333333333,0.891304347826087
"cg00469269",0,1,0.5,0.934065934065934,0.928571428571429,0.975609756097561,0.953488372093023
"cg02662441",0,0.95,0.846153846153846,0.933333333333333,0.6,0.939393939393939,0.907407407407407
"cg06724693",0.111111111111111,0.884615384615385,1,0.980952380952381,1,1,0.901960784313726
"cg13184448",0.0377358490566038,0.878787878787879,0.736842105263158,0.84375,0.714285714285714,0.851063829787234,0.790697674418605
"cg00004883",0,1,0.75,0.810810810810811,0.941176470588235,1,1
"cg17452384",0,1,0.368421052631579,0.948717948717949,0.933333333333333,0.958333333333333,1
"cg15703377",0,0.952380952380952,0.4,0.96078431372549,0.888888888888889,0.944444444444444,1
"cg26540191",0.0625,0.954545454545455,1,1,1,0.967741935483871,0.95
"cg13458781",0.0476190476190476,0.758620689655172,0.8,0.902912621359223,0.714285714285714,1,0.951612903225806
"cg05959508",1,0,0.846153846153846,0.988505747126437,1,0.963636363636364,0.971830985915493
"cg22436753",0.935483870967742,0.0208333333333333,0.928571428571429,0.981651376146789,1,1,1
"cg17349352",0.96969696969697,0,1,1,1,1,1
"cg19637113",1,0,0.916666666666667,1,1,1,0.980769230769231
"cg20694619",1,0,0.8125,0.975903614457831,0.923076923076923,1,0.985714285714286
"cg00890145",0.01,0.941176470588235,0.552631578947368,0.209150326797386,0,0.336206896551724,0.0368098159509202
"cg19785773",1,0.0208333333333333,1,0.957746478873239,0.95,1,0.969230769230769
"cg23933216",0.87037037037037,0.159574468085106,0.756756756756757,0.866043613707165,0.945945945945946,0.92485549132948,0.849462365591398
"cg14836555",1,0.0217391304347826,0.923076923076923,1,1,1,0.983870967741935
"cg19069360",1,0,1,1,1,1,0.959183673469388
"cg11633461",1,0,0.823529411764706,1,0.933333333333333,0.963636363636364,0.932203389830508
"cg12192582",0.972972972972973,0.0425531914893617,1,1,1,1,0.96969696969697
"cg18972765",0.957446808510638,0,1,0.9875,1,0.979166666666667,0.952380952380952
"cg10718614",0.957894736842105,0.279569892473118,0.6,0.933070866141732,0.972972972972973,1,0.952380952380952
"cg09275408",0.914285714285714,0.02,1,0.964285714285714,1,0.945945945945946,1
"cg01623438",1,0,0.888888888888889,0.983870967741935,1,0.944444444444444,0.966101694915254
"cg07069759",0.941176470588235,0.107692307692308,0.363636363636364,0.955357142857143,0.84,0.975,0.972727272727273
"cg01722297",0.975609756097561,0,0.888888888888889,1,1,1,0.970149253731343
"cg15621731",1,0,0.882352941176471,1,1,0.904761904761905,0.971014492753623
"cg02244028",1,0,1,1,1,1,1
"cg23676369",0.970588235294118,0,0.0833333333333333,1,1,0.964912280701754,0.983333333333333
"cg04167096",1,0.025,0.923076923076923,1,1,0.976190476190476,1
"cg19187121",0.967741935483871,0,0.85,0.983050847457627,1,1,0.958904109589041
"cg26959257",0.962962962962963,0.0227272727272727,0.866666666666667,1,0.916666666666667,0.975,1
"cg07345108",1,0,1,1,1,0.956521739130435,0.980769230769231
"cg20883723",1,0,0.909090909090909,1,0.933333333333333,1,0.962264150943396
"cg15292446",0.967741935483871,0,0.952380952380952,1,1,0.976190476190476,0.96
"cg00989036",1,0,1,0.979166666666667,0.956521739130435,1,0.986842105263158
"cg19219778",1,0,0.9,0.955555555555556,1,1,1
"cg02929855",1,0,0.857142857142857,0.96875,0.875,0.975,0.959183673469388
"cg13530377",0.923076923076923,0,1,0.978723404255319,0.91304347826087,1,0.967741935483871
"cg02543462",1,0,0.909090909090909,1,1,1,1
"cg10001720",1,0,1,1,1,0.975609756097561,0.962962962962963
"cg07682037",0.909090909090909,0,1,1,0.909090909090909,0.975,1
"cg01997629",0.934782608695652,0,1,0.99,0.875,1,1
"cg00757952",0.972972972972973,0,0.875,0.864864864864865,0.833333333333333,0.979166666666667,0.983870967741935
"cg17419595",0.944444444444444,0,0.9,0.987951807228916,0.904761904761905,0.978723404255319,0.933333333333333
"cg01811272",1,0,0.916666666666667,0.95959595959596,0.923076923076923,0.909090909090909,1
"cg05862438",1,0,0.941176470588235,0.983870967741935,1,1,1
"cg01138020",1,0,0.6,0.984375,1,0.95,0.950819672131147
"cg03180322",1,0.025,1,0.934426229508197,0.941176470588235,0.981132075471698,1
"cg18854004",1,0,1,0.976470588235294,1,0.941176470588235,1
"cg13447080",0.96,0,0.705882352941177,0.962264150943396,1,0.936170212765957,1
"cg08545593",1,0,0.952380952380952,0.981481481481482,0.958333333333333,1,1
"cg08708629",0.819047619047619,0.0126582278481013,0.576923076923077,0.715151515151515,0.829787234042553,0.922535211267606,0.551724137931034
"cg06830360",0.944444444444444,0,0.8,0.898550724637681,0.777777777777778,0.95,1
"cg16098726",0.944444444444444,0,0.357142857142857,0.931506849315068,0.916666666666667,0.9,0.96551724137931
"cg08070200",0,0.966666666666667,0,0,0,0,0
"cg03663120",1,0,0.916666666666667,0.964285714285714,1,0.956521739130435,0.984848484848485
"cg02794695",1,0,0.923076923076923,1,0.916666666666667,0.973684210526316,0.981818181818182
"cg27092594",0.945945945945946,0,0.666666666666667,0.947368421052632,0.875,1,0.986301369863014
"cg03069736",0.96969696969697,0,0.866666666666667,0.983333333333333,0.928571428571429,1,0.981132075471698
"cg01519261",1,0,1,0.98,1,1,0.984615384615385
"cg03337218",1,0,0.916666666666667,1,0.75,1,1
"cg25626375",0.956521739130435,0,0.65,0.933333333333333,0.875,0.941176470588235,0.987179487179487
"cg01004017",0.964285714285714,0.0454545454545455,0.9375,0.95,0.916666666666667,1,0.941176470588235
"cg09247175",1,0,0.5,0.95959595959596,0.777777777777778,1,0.971014492753623
"cg16392942",0.966666666666667,0.0222222222222222,0.909090909090909,0.875,1,0.973684210526316,1
"cg16250868",0.947368421052632,0.0344827586206897,0.55,0.984848484848485,0.875,0.921052631578947,0.875
"cg23155089",1,0,0.583333333333333,0.942857142857143,0.894736842105263,1,0.983606557377049
"cg26880445",0.0232558139534884,1,1,0.0131578947368421,0,0.170212765957447,0.0266666666666667
"cg14114133",0.967741935483871,0.0571428571428571,1,1,1,1,0.986842105263158
"cg04605617",1,0.0263157894736842,0.947368421052632,0.990566037735849,0.958333333333333,0.90625,0.959183673469388
"cg02390801",0.967741935483871,0.0833333333333333,0.625,0.953125,1,1,0.96875
"cg21597025",1,0.0256410256410256,1,0.98,0.9375,0.939393939393939,1
"cg11163571",0.944444444444444,0,0.692307692307692,0.953846153846154,1,0.971428571428571,0.970149253731343
"cg16837973",0.96551724137931,0.0227272727272727,0.9,0.944444444444444,0.888888888888889,0.98,0.942028985507246
"cg08168580",0.9375,0,0.1,0.954022988505747,1,0.952380952380952,0.946428571428571
"cg20357538",1,0,1,1,1,1,1
"cg05527650",0.961538461538462,0,0.888888888888889,0.978723404255319,1,1,0.976190476190476
"cg15901999",1,0.0526315789473684,0.857142857142857,1,1,1,1
"cg12121075",0.966666666666667,0,0.923076923076923,0.983606557377049,0.96,0.979166666666667,0.787878787878788
"cg10376161",1,0,0.666666666666667,1,1,0.978260869565217,0.923076923076923
"cg19750657",1,0,0.909090909090909,0.979166666666667,1,1,0.982758620689655
"cg01049678",0.923076923076923,0,0.5,0.983050847457627,1,0.939393939393939,1
"cg10603136",1,0.0652173913043478,0.714285714285714,0.983606557377049,1,0.936170212765957,0.96969696969697
"cg18571045",0.972972972972973,0,1,0.980392156862745,1,1,0.976190476190476
"cg22013370",1,0.0263157894736842,0.846153846153846,0.948051948051948,1,1,0.983050847457627
"cg03768175",0.896551724137931,0,0.5,0.983333333333333,1,1,0.984848484848485
"cg02210967",1,0,1,0.945205479452055,0.933333333333333,1,1
"cg09455881",0.964285714285714,0,1,0.978260869565217,0.916666666666667,0.98,0.872340425531915
"cg01771065",1,0,1,0.958333333333333,1,0.923076923076923,1
"cg16786178",0.96875,0,0.947368421052632,1,0.947368421052632,0.977272727272727,0.966666666666667
"cg25969878",1,0.0444444444444444,0.785714285714286,1,0.923076923076923,0.974358974358974,0.923076923076923
"cg27540367",1,0.0256410256410256,0.733333333333333,1,0.9,0.974358974358974,0.982142857142857
"cg19584038",1,0,0.647058823529412,0.953846153846154,1,1,0.984615384615385
"cg26954951",1,0,0.555555555555556,0.980392156862745,1,0.981818181818182,1
"cg26180383",1,0,1,1,1,0.972222222222222,0.983606557377049
"cg26229066",0.971428571428571,0.024390243902439,0.888888888888889,0.952941176470588,1,0.952380952380952,0.941176470588235
"cg10717189",0.032258064516129,0.975,0.3,0.0467289719626168,0,0.0512820512820513,0
"cg02909097",0.842105263157895,0,0.928571428571429,0.972972972972973,1,0.962264150943396,0.915492957746479
"cg26894297",1,0.0512820512820513,1,0.983870967741935,0.727272727272727,0.977272727272727,0.978723404255319
"cg00501774",1,0.0454545454545455,1,0.890909090909091,1,0.912280701754386,0.984848484848485
"cg26394282",1,0,0.875,0.967213114754098,1,0.959183673469388,0.985507246376812
"cg02648064",1,0.0294117647058824,1,1,1,1,0.980769230769231
"cg18041271",1,0,1,0.978260869565217,0.933333333333333,1,1
"cg04811114",1,0,0.727272727272727,0.970149253731343,0.9,1,1
"cg08053935",1,0,0.611111111111111,0.975,1,0.918918918918919,0.964285714285714
"cg23192346",1,0,0.692307692307692,0.951219512195122,1,1,1
"cg08298591",0.96875,0,0.9,0.95,1,1,0.983333333333333
"cg14494620",0,0.0285714285714286,1,0.0147058823529412,0,0.285714285714286,0
"cg25068347",1,1,0,0.962962962962963,1,0.976190476190476,1
"cg04976792",1,1,0.1,0.981481481481482,0.9,1,1
"cg18264562",0,0,0.882352941176471,0,0,0.0208333333333333,0.0158730158730159
"cg05109966",1,1,0,0.982456140350877,0.818181818181818,0.976190476190476,1
"cg09420961",0.961538461538462,0.973684210526316,0.0909090909090909,0.967741935483871,1,0.976744186046512,0.95
"cg26003222",1,1,0,1,0.857142857142857,1,0.973684210526316
"cg10656016",0.931034482758621,0.8,0,0.924242424242424,1,0.978260869565217,1
"cg02655351",1,0.935483870967742,0,0.886075949367089,0.75,0.978260869565217,0.981818181818182
"cg00204802",1,0.866666666666667,0.0555555555555556,1,1,1,1
"cg11378001",1,0.857142857142857,0.0952380952380952,1,1,0.955555555555556,0.964912280701754
"cg02286008",1,0.821428571428571,0,0.977777777777778,1,0.96551724137931,0.88135593220339
"cg02844852",0.888888888888889,0.5,0.0416666666666667,0.979166666666667,0.888888888888889,0.976744186046512,1
"cg26222731",0.923076923076923,0.941176470588235,0.0526315789473684,0.981481481481482,0.956521739130435,0.921052631578947,1
"cg05138702",0.896551724137931,1,0.0526315789473684,0.927272727272727,1,1,0.975
"cg11510131",0.814814814814815,1,0,1,1,1,1
"cg07091544",0.935483870967742,0.814814814814815,0,1,0.954545454545455,1,1
"cg15002163",0,0,1,0.010989010989011,0,0.0892857142857143,0.0175438596491228
"cg19314470",1,0.916666666666667,0.0952380952380952,0.933333333333333,0.857142857142857,1,0.980392156862745
"cg19937572",1,0.894736842105263,0,0.940298507462687,0.9,0.976190476190476,0.981818181818182
"cg09435920",0,0,0.916666666666667,0,0,0,0
"cg09419176",1,0.857142857142857,0.1,1,1,0.967741935483871,0.954545454545455
"cg04520242",0.939393939393939,0.909090909090909,0.142857142857143,0.985294117647059,0.928571428571429,0.980392156862745,0.981481481481482
"cg19980260",0.961538461538462,1,0.117647058823529,0.981132075471698,1,1,0.98
"cg05318210",0.961538461538462,0.9,0.0526315789473684,0.953846153846154,1,0.96875,0.967741935483871
"cg23093090",0.939393939393939,1,0,0.948275862068966,0.916666666666667,0.933333333333333,0.980769230769231
"cg25344194",0.980769230769231,0.833333333333333,0.0952380952380952,0.945454545454545,0.952380952380952,0.953488372093023,0.947368421052632
"cg25716814",0,0,1,0,0,0.325581395348837,0
"cg21005438",1,1,0.117647058823529,0.949367088607595,1,1,1
"cg09864050",0.0285714285714286,0.0263157894736842,1,0.0576923076923077,0.19047619047619,0,0.12962962962963
"cg04879750",1,0.96,0.210526315789474,1,1,1,0.978260869565217
"cg03126633",1,0.918918918918919,0.0434782608695652,0.863013698630137,0.9375,0.879310344827586,0.845070422535211
"cg09757087",1,0.925925925925926,0.260869565217391,0.964285714285714,1,1,1
"cg04874580",1,1,0.1,0.957446808510638,0.857142857142857,0.921052631578947,0.954545454545455
"cg23283423",0.956521739130435,0.961538461538462,0.105263157894737,0.964912280701754,1,0.964285714285714,0.956521739130435
"cg02459042",1,0.846153846153846,0.0666666666666667,1,1,1,1
"cg05268769",0.869565217391304,1,0,0.894736842105263,0.888888888888889,0.953488372093023,0.947368421052632
"cg04965200",1,0.947368421052632,0.0625,0.969230769230769,1,0.976744186046512,0.943396226415094
"cg13563390",0.945945945945946,0.909090909090909,0.0588235294117647,0.978260869565217,0.888888888888889,0.945945945945946,1
"cg14180758",0.96875,1,0,0.851851851851852,1,0.90625,1
"cg13278004",0.722222222222222,0,0,0.850574712643678,1,0.971428571428571,0.981818181818182
"cg00649632",0.727272727272727,0.903225806451613,0,1,1,0.67741935483871,0.966101694915254
"cg07745344",0.96,0.821428571428571,0,1,0.666666666666667,1,1
"cg05820241",1,0.333333333333333,0,0.950617283950617,1,0.972222222222222,0.974358974358974
"cg17830515",1,0.904761904761905,0,1,1,1,1
"cg10707788",0.971428571428571,0.958333333333333,0.111111111111111,0.938461538461538,0.857142857142857,0.975,0.982758620689655
"cg07803375",0.974358974358974,0.933333333333333,0,0.919354838709677,1,1,0.916666666666667
"cg18862883",0,0.529411764705882,0.85,0,0,0,0
"cg12833872",0.954545454545455,0.888888888888889,0,0.8,0.8125,0.931034482758621,0.92156862745098
"cg07139509",1,0.0625,0.0740740740740741,0.979166666666667,1,1,1
"cg12597558",1,1,0.0909090909090909,0.944444444444444,0.941176470588235,0.681818181818182,0.887096774193548
"cg03025825",1,0.846153846153846,0,0.943661971830986,1,0.918918918918919,0.985294117647059
"cg18192602",0.967741935483871,0.692307692307692,0,0.942028985507246,1,1,0.891891891891892
"cg13625187",1,0.909090909090909,0,1,1,1,1
"cg01942816",0,0.518518518518518,1,0,0,0.0666666666666667,0
"cg06400857",0.903225806451613,1,0,0.659574468085106,0.3,0.974358974358974,0.890909090909091
"cg19022525",0.692307692307692,0.966666666666667,0.0454545454545455,0.894736842105263,0.666666666666667,0.925,0.956521739130435
"cg05174943",0.90625,1,0,0.862745098039216,1,0.954545454545455,0.966101694915254
"cg22875024",1,0.884615384615385,0,0.86,0.846153846153846,1,0.976190476190476
"cg24691835",0.96875,1,0.291666666666667,0.978494623655914,0.8,0.959183673469388,0.966101694915254
"cg06847828",0.964285714285714,0.605263157894737,0,0.898305084745763,0.857142857142857,1,0.981818181818182
"cg06530563",0.0227272727272727,0,0.8125,0.0235294117647059,0,0.0416666666666667,0.0125
"cg25214898",1,0.944444444444444,0.133333333333333,0.983333333333333,1,1,0.974358974358974
"cg15666789",1,0.717948717948718,0.1,0.985915492957746,1,0.976190476190476,0.88135593220339
"cg24918790",0.0606060606060606,0,1,0.0857142857142857,0.0769230769230769,0,0.0172413793103448
"cg12082609",1,0.357142857142857,0.0526315789473684,0.987012987012987,1,1,0.977272727272727
"cg24233679",0.625,0.870967741935484,0,0.940298507462687,0.8,0.947368421052632,0.666666666666667
"cg00944649",0.96551724137931,0.821428571428571,0,0.988372093023256,1,1,1
"cg25314600",0.0444444444444444,0,0.944444444444444,0.125,0,0.26,0
"cg14620267",0.933333333333333,0.789473684210526,0,0.962264150943396,1,0.9,0.981481481481482
"cg24208604",0.852941176470588,0.975609756097561,0,0.927272727272727,0.947368421052632,0.793103448275862,0.888888888888889
"cg16962191",0.882352941176471,0.851851851851852,0,0.844444444444444,0.642857142857143,1,0.891891891891892
"cg02893550",0,0.0384615384615385,0.846153846153846,0,0,0,0
"cg05701590",1,0,0.0769230769230769,0.915094339622642,0.8,0.8125,0.950819672131147
"cg06602086",1,0.533333333333333,0,0.955555555555556,1,0.962962962962963,0.96551724137931
"cg07945618",1,0.928571428571429,0,0.948717948717949,1,0.972222222222222,0.975
"cg12854815",1,1,0.277777777777778,0.981818181818182,1,1,0.98
"cg25691442",0.947368421052632,0.967741935483871,0.0666666666666667,0.986301369863014,0.736842105263158,0.959183673469388,0.96875
"cg12793803",0.96,1,0.117647058823529,0.9,1,0.975,0.966101694915254
"cg01990695",1,1,0.125,0.938461538461538,0.941176470588235,0.972972972972973,0.96
"cg08407014",0.886363636363636,1,0,0.949152542372881,0.909090909090909,1,0.947368421052632
"cg01257345",0.95,0.966666666666667,0.125,0.953125,1,0.956521739130435,1
"cg27311341",1,0.939393939393939,0.0769230769230769,0.956521739130435,1,0.974358974358974,1
"cg26103719",1,0.921052631578947,0.166666666666667,1,1,0.941176470588235,0.982142857142857
"cg06416929",0.85,0.9375,0.105263157894737,0.833333333333333,1,1,1
"cg14458815",0,0.1,1,0.204545454545455,0.0769230769230769,0,0.0142857142857143
"cg18843739",1,0.604651162790698,0.0625,0.979381443298969,1,1,0.96
"cg07019315",0.666666666666667,0.916666666666667,0.1,0.967213114754098,0.928571428571429,0.951219512195122,0.964285714285714
"cg05956452",0.958333333333333,1,0.136363636363636,0.977272727272727,1,0.837837837837838,0.875
"cg15831285",1,0.933333333333333,0.210526315789474,0.983333333333333,1,0.975609756097561,0.936170212765957
"cg16299665",1,0.961538461538462,0.176470588235294,0.980392156862745,0.857142857142857,1,1
"cg21409965",1,0.95,0,0.961538461538462,0.909090909090909,0.956521739130435,0.978260869565217
"cg19117070",1,1,0.0833333333333333,0.975609756097561,1,1,1
"cg21252105",1,0,0.0454545454545455,1,1,1,0.925925925925926
"cg14140874",0.96875,0.674418604651163,0.0588235294117647,0.931034482758621,0.904761904761905,0.979591836734694,1
"cg07375978",0,0.285714285714286,0.739130434782609,0.0158730158730159,0.0769230769230769,0,0.0153846153846154
"cg06153893",0.939393939393939,0,0.04,0.940298507462687,0.923076923076923,0.975609756097561,0.982758620689655
"cg04763519",0.868421052631579,0.625,0,0.958333333333333,1,0.945945945945946,0.861111111111111
"cg10615591",0.918918918918919,0,0,0.979591836734694,0.846153846153846,1,0.982142857142857
"cg22480109",0.894736842105263,0.967741935483871,0,0.957446808510638,1,0.736842105263158,0.95
"cg09766379",1,0.986666666666667,0.970588235294118,0.140625,1,0.607476635514019,0.963768115942029
"cg09229169",0.96875,1,0.95,0.0194174757281553,0.928571428571429,1,0.963636363636364
"cg07906625",0.535087719298246,0.00909090909090909,0.540540540540541,0.0212765957446809,0.391304347826087,0.556338028169014,0.580392156862745
"cg04341454",1,1,1,0.00934579439252336,0.466666666666667,1,0.981481481481482
"cg09270879",1,0.972222222222222,1,0.0194174757281553,0.421052631578947,0.955555555555556,0.971830985915493
"cg02858591",0.911764705882353,0.784090909090909,0.891891891891892,0.450402144772118,0.879310344827586,0.930894308943089,0.918238993710692
"cg18224977",0.942857142857143,0.833333333333333,0.941176470588235,0,0.8125,1,0.984126984126984
"cg19690711",0.939393939393939,0.972972972972973,0.769230769230769,0,0.0714285714285714,0.6875,0.987341772151899
"cg05833610",0.931818181818182,0.911764705882353,0.5,0.00980392156862745,0.727272727272727,1,1
"cg15134919",0.968253968253968,0.928571428571429,0.966666666666667,0.09,0.90625,0.936507936507937,0.403846153846154
"cg12225467",1,0.956521739130435,0.75,0.010752688172043,0.727272727272727,0.982758620689655,1
"cg23330845",0.966666666666667,1,1,0.0686274509803922,1,0.972972972972973,1
"cg11947084",0.882352941176471,0.947368421052632,1,0.0277777777777778,0.5,0.954545454545455,0.95
"cg11719784",0.795454545454545,1,0.95,0.018018018018018,0.7,0.941176470588235,0.958333333333333
"cg25950520",0.892857142857143,1,1,0.0408163265306122,1,1,1
"cg18327319",0.878787878787879,0.882352941176471,0.923076923076923,0.021978021978022,0.909090909090909,0.982758620689655,1
"cg24011334",0.975,1,0.777777777777778,0.0686274509803922,0.470588235294118,0.981818181818182,0.984848484848485
"cg03687070",0.84,0.9375,0.888888888888889,0,0.125,1,0.924528301886792
"cg12511929",1,0.956521739130435,1,0,1,1,1
"cg02520399",0.971428571428571,1,1,0.051948051948052,0.8125,0.959183673469388,1
"cg21937128",0.942857142857143,0.933333333333333,0.583333333333333,0,0.444444444444444,0.974358974358974,0.915254237288136
"cg27584647",0.815789473684211,1,1,0,0.333333333333333,0.911111111111111,0.969230769230769
"cg06850315",0.952380952380952,1,0.894736842105263,0,0.6,1,0.971014492753623
"cg18922620",1,0.921052631578947,0.875,0,0.736842105263158,0.933333333333333,0.947368421052632
"cg03537215",0.95,0.80952380952381,0.692307692307692,0.00952380952380952,0.8,0.931034482758621,0.933333333333333
"cg13309510",1,1,1,0.1,1,0.972222222222222,0.942307692307692
"cg22432982",0.961538461538462,1,1,0.0543478260869565,0.833333333333333,1,1
"cg05958352",1,0.678571428571429,0.625,0.0108695652173913,1,0.961538461538462,0.923076923076923
"cg22627427",1,0.904761904761905,1,0.0434782608695652,1,1,0.973333333333333
"cg01602345",1,1,1,0.0303030303030303,0.25,1,0.979591836734694
"cg20299802",0.945945945945946,0.9375,0.75,0.0660377358490566,1,0.906976744186046,1
"cg02815014",0.96,0.964285714285714,0.916666666666667,0,0.363636363636364,1,0.98
"cg13607082",1,0.909090909090909,1,0.0144927536231884,1,1,0.967213114754098
"cg01071314",0.964285714285714,0.928571428571429,0.769230769230769,0,0.133333333333333,1,1
"cg24599859",0.575757575757576,1,0.583333333333333,0.0166666666666667,0.235294117647059,0.956521739130435,1
"cg04722610",1,1,1,0.0121951219512195,1,0.885714285714286,0.96
"cg07101926",1,0.914285714285714,1,0.0151515151515152,1,1,0.979591836734694
"cg01178188",1,1,1,0,1,1,0.964285714285714
"cg09042437",1,0.958333333333333,1,0.0256410256410256,0.25,0.692307692307692,0.924528301886792
"cg11400325",1,0.681818181818182,1,0.018348623853211,1,0.935483870967742,0.9375
"cg00388660",0.958333333333333,0.837837837837838,1,0,0.727272727272727,0.982142857142857,1
"cg06532546",0.857142857142857,0.964285714285714,1,0.0117647058823529,0.555555555555556,1,1
"cg11511096",1,1,0.571428571428571,0.0449438202247191,0.916666666666667,0.863636363636364,0.942028985507246
"cg14046302",0.918918918918919,1,0.5,0.0104166666666667,0.0666666666666667,1,1
"cg03255440",0.976744186046512,1,0.833333333333333,0,1,0.975,0.987179487179487
"cg23958533",1,1,0.75,0.0860215053763441,1,0.951219512195122,0.964285714285714
"cg22315746",1,1,0.941176470588235,0.0169491525423729,1,1,0.971830985915493
"cg10101680",0.928571428571429,1,0.888888888888889,0.028169014084507,0.833333333333333,0.959183673469388,1
"cg03136781",0.909090909090909,1,0.476190476190476,0.00884955752212389,1,0.674418604651163,0.980769230769231
"cg14281922",0.971428571428571,0.833333333333333,1,0.0434782608695652,1,1,0.984848484848485
"cg22821358",0.931034482758621,0.947368421052632,1,0.0140845070422535,1,0.964285714285714,0.984126984126984
"cg22353097",1,0.875,0.8,0.0543478260869565,0.727272727272727,1,0.980769230769231
"cg02661431",0.975609756097561,0.764705882352941,0.75,0.0198019801980198,0.214285714285714,1,0.980769230769231
"cg19308375",1,0.525,0.8,0.016,0.0714285714285714,0.972222222222222,0.935483870967742
"cg03148693",0.916666666666667,1,1,0.010989010989011,0.142857142857143,0.977777777777778,1
"cg24522085",0.827586206896552,0.96969696969697,0.285714285714286,0,0,0.872340425531915,0.853333333333333
"cg15523980",1,0.9,0.769230769230769,0.0348837209302326,0.666666666666667,0.865384615384615,1
"cg21974679",0.951219512195122,0.96875,1,0.0142857142857143,0.5,0.975609756097561,0.981481481481482
"cg11791921",1,0.918918918918919,0.875,0.181818181818182,0.875,0.981132075471698,1
"cg09701233",1,1,0.846153846153846,0.0729166666666667,0.142857142857143,1,0.964912280701754
"cg00171942",0.95,1,0.91304347826087,0.02,0.153846153846154,0.976190476190476,0.8
"cg05629278",1,0.833333333333333,1,0.0581395348837209,0.857142857142857,0.956521739130435,0.980392156862745
"cg23975646",1,1,0.888888888888889,0.0163934426229508,0.857142857142857,0.953488372093023,1
"cg13442966",0.972222222222222,0.964285714285714,0.928571428571429,0,0.769230769230769,0.954545454545455,0.956521739130435
"cg21711827",1,0.714285714285714,0.5,0.0121951219512195,1,0.92,1
"cg21364615",1,0.88,1,0.102564102564103,1,1,0.983050847457627
"cg10434728",0.714285714285714,0.942857142857143,1,0,0.357142857142857,0.963636363636364,0.896551724137931
"cg09607452",0.966666666666667,1,0.571428571428571,0.0163934426229508,0.944444444444444,1,0.982456140350877
"cg09916030",0.974358974358974,0.826086956521739,1,0.025,0,0.978260869565217,0.971014492753623
"cg02339850",0.869565217391304,0.8,1,0.0208333333333333,0.0909090909090909,0.964285714285714,0.96078431372549
"cg15123761",1,0.945945945945946,0.941176470588235,0,1,0.95,0.957446808510638
"cg14177140",1,0.785714285714286,1,0.025974025974026,1,1,0.915254237288136
"cg14448116",0.861111111111111,0.805555555555556,0.846153846153846,0.058252427184466,0.928571428571429,0.921052631578947,0.920634920634921
"cg00546971",0.944444444444444,0.925925925925926,0.944444444444444,0.0978260869565217,0.823529411764706,0.95,1
"cg09317774",0.954545454545455,0.926829268292683,0.818181818181818,0.0595238095238095,1,0.945454545454545,0.912280701754386
"cg04187939",1,1,1,0.0909090909090909,1,0.921052631578947,0.967741935483871
"cg14701925",1,1,1,0.0645161290322581,1,0.955555555555556,0.949152542372881
"cg13686789",1,0.974358974358974,0.933333333333333,0.0357142857142857,0.9,1,1
"cg05365469",0.878787878787879,0.9375,0.846153846153846,0.0309278350515464,0.5,0.829268292682927,0.9375
"cg17080740",0.125,0.96551724137931,0.952380952380952,0.0291970802919708,0.538461538461538,0.975,0.894736842105263
"cg19022978",0.96969696969697,0.875,0.944444444444444,0.0446428571428571,0,0.902439024390244,0.888888888888889
"cg20955693",0.96,1,0.944444444444444,0.0294117647058824,1,1,0.973684210526316
"cg24844295",0.96,0.933333333333333,1,0.0506329113924051,0.888888888888889,1,0.931818181818182
"cg21190228",0.736842105263158,1,1,0.0490196078431373,0.583333333333333,0.933333333333333,0.943396226415094
"cg22129809",0.785714285714286,1,1,0.0172413793103448,0.833333333333333,1,1
"cg02912371",0.783783783783784,0.642857142857143,0.785714285714286,0.0521739130434783,0.5,0.979591836734694,0.979591836734694
"cg10555106",0.583333333333333,0.878787878787879,0.769230769230769,0,0.625,1,1
"cg13392885",0.96,0.91304347826087,0.777777777777778,0.0824742268041237,1,0.954545454545455,0.92156862745098
"cg21335012",1,0.9375,0.916666666666667,0.0476190476190476,0.333333333333333,0.775,1
"cg18405140",0.0227272727272727,0.0666666666666667,0,0.932203389830508,0,0,0.0294117647058824
"cg02357631",0.842105263157895,0.973684210526316,0.9375,0.0138888888888889,0,0.979591836734694,0.944444444444444
"cg03247301",0.829268292682927,0.729166666666667,0.5,0.0381679389312977,0.266666666666667,0.886363636363636,0.924528301886792
"cg13705774",1,0.857142857142857,0.956521739130435,0.0246913580246914,0.7,0.884615384615385,1
"cg00393673",0.714285714285714,0.714285714285714,0.692307692307692,0.00900900900900901,0.416666666666667,0.732142857142857,0.983333333333333
"cg13664919",1,1,0.857142857142857,0.05,0.875,0.978723404255319,0.971830985915493
"cg02721065",0.944444444444444,0.930232558139535,0.769230769230769,0.03125,1,0.96,0.978723404255319
"cg16910238",1,0.966666666666667,1,0.170212765957447,0.866666666666667,1,0.956521739130435
"cg14351287",1,0.907407407407407,1,0.0602409638554217,0.8125,0.76271186440678,0.966666666666667
"cg08831401",0.863636363636364,0.848484848484849,0.0625,0.00980392156862745,0.0666666666666667,0.923076923076923,0.95
"cg00198141",0.935483870967742,1,1,0,0.6875,0.962962962962963,0.977777777777778
"cg09380594",1,1,1,0.941176470588235,0,0.736842105263158,0.957142857142857
"cg14399183",0,0,0,0.0298507462686567,0.95,0.0857142857142857,0.162162162162162
"cg00259097",0.904761904761905,0.971428571428571,0.888888888888889,0.945454545454545,0.192307692307692,0.926829268292683,1
"cg00663986",0.914285714285714,0.925,0.722222222222222,0.813333333333333,0.0416666666666667,0.770833333333333,0.942857142857143
"cg24083702",0.92,0.96551724137931,0.8,0.467741935483871,0,0.973684210526316,1
"cg25541078",0.928571428571429,1,1,0.730769230769231,0,0.967741935483871,1
"cg04276058",0.954545454545455,0.80952380952381,0.842105263157895,0.823076923076923,0.037037037037037,0.511111111111111,0.911764705882353
"cg08929133",0.80952380952381,0.793103448275862,1,0.325,0,0.981132075471698,0.966101694915254
"cg15623425",0.970588235294118,0.942857142857143,1,0.707865168539326,0,0.957446808510638,0.977272727272727
"cg15532942",0.909090909090909,0.933333333333333,0.8,0.822222222222222,0,1,0.87037037037037
"cg21425003",0.7,0.96875,1,0.793103448275862,0,0.957446808510638,0.847457627118644
"cg02298472",0.942857142857143,0.870967741935484,0.714285714285714,0.659574468085106,0,0.933333333333333,0.880952380952381
"cg17742418",0.757575757575758,1,0.181818181818182,0.339622641509434,0.0333333333333333,0.870967741935484,0.96875
"cg10186039",0.85,0.947368421052632,0.875,0.870967741935484,0.0588235294117647,0.967741935483871,0.974358974358974
"cg12179635",1,1,1,0.918032786885246,0,0.966666666666667,0.9375
"cg07232003",0.91304347826087,0.947368421052632,0.555555555555556,0.527272727272727,0,1,1
"cg25152942",0.851851851851852,1,0.538461538461538,0.288135593220339,0,1,0.964285714285714
"cg06043512",0.733333333333333,0.961538461538462,0.875,0.5,0.0434782608695652,0.957446808510638,1
"cg01150411",0,1,0.7,0.801980198019802,0,1,0.986111111111111
"cg00146805",0.941176470588235,0.954545454545455,0.909090909090909,0.672727272727273,0,0.979166666666667,0.921052631578947
"cg02035733",0.321428571428571,0.903225806451613,0.375,0.1875,0,0.984375,0.984848484848485
"cg25308803",0,0,0.0909090909090909,0.333333333333333,0.944444444444444,0.0512820512820513,0
"cg13567156",0.878787878787879,0.9375,1,0.843137254901961,0.0588235294117647,0.68,0.979591836734694
"cg21322120",0.833333333333333,1,0.928571428571429,0.958333333333333,0.1875,0.952380952380952,1
"cg09388920",0.0212765957446809,0.975609756097561,0.631578947368421,0.846153846153846,0,0.928571428571429,1
"cg00543684",0.967741935483871,0.9375,0.75,0.985074626865672,0.238095238095238,0.923076923076923,0.913793103448276
"cg00790906",0.9375,0.967741935483871,1,0.804347826086957,0.166666666666667,0.956521739130435,0.984375
"cg24656207",0.848484848484849,0.933333333333333,0.857142857142857,0.470588235294118,0,0.982456140350877,0.951612903225806
"cg12398117",0.888888888888889,1,0.923076923076923,0.963636363636364,0.0909090909090909,1,1
"cg18025275",0.5,1,0.2,0.82,0,1,0.926829268292683
"cg16701523",1,1,1,0.661016949152542,0,1,0.808823529411765
"cg11095099",0.928571428571429,1,0.933333333333333,0.92,0.2,1,0.953488372093023
"cg19486804",0.894736842105263,0.954545454545455,0.666666666666667,0.692307692307692,0,1,0.944444444444444
"cg22472360",0.928571428571429,1,0.923076923076923,0.907407407407407,0,0.739130434782609,0.638297872340426
"cg18315380",0.928571428571429,0.833333333333333,0.5,0.75,0.0588235294117647,0.897435897435897,1
"cg23882131",0.958333333333333,0.736842105263158,0.5,0.41025641025641,0,0.970588235294118,0.96
"cg17829533",0.842105263157895,1,0.9375,0.814814814814815,0.125,0.96875,0.96078431372549
"cg04133293",1,1,0.916666666666667,0.955223880597015,0.285714285714286,1,1
"cg20336472",1,0.958333333333333,1,0.909090909090909,0.0833333333333333,0.966666666666667,0.936170212765957
"cg05100432",0.9375,0.814814814814815,1,0.642857142857143,0,0.96969696969697,0.288135593220339
"cg26574247",0.973684210526316,1,0.846153846153846,0.764705882352941,0,1,0.980392156862745
"cg12997635",0.428571428571429,1,1,0.347826086956522,0,0.953488372093023,0.905660377358491
"cg24811563",0.71875,0.72972972972973,0.8125,0.0576923076923077,0,1,1
"cg26214948",0.903225806451613,0.958333333333333,0.833333333333333,0.898550724637681,0,0.71875,0.9375
"cg18120576",0.777777777777778,0.796875,1,0.374193548387097,0.107142857142857,0.968085106382979,0.973214285714286
"cg04452534",0.806451612903226,0.928571428571429,0.533333333333333,0.706896551724138,0.142857142857143,0.977272727272727,1
"cg13318241",0.259259259259259,0.032258064516129,0,0.0344827586206897,0.75,0,0
"cg22499307",0.552631578947368,0.916666666666667,0.888888888888889,0.571428571428571,0,0.952380952380952,1
"cg13427810",0.657142857142857,0.852941176470588,0.285714285714286,0.71830985915493,0,0.978723404255319,0.971830985915493
"cg09938408",0.696969696969697,0.96551724137931,0.363636363636364,0.767857142857143,0.142857142857143,1,1
"cg08351331",0.75609756097561,0.76,0.8,0.696969696969697,0.05,0.861111111111111,1
"cg16422816",1,0.758620689655172,0.833333333333333,0.857142857142857,0.05,0.777777777777778,0.714285714285714
"cg04470060",0.954545454545455,0.961538461538462,1,0.253968253968254,0,0.976190476190476,0.972972972972973
"cg16615155",0.705882352941177,0.909090909090909,0.714285714285714,0.883720930232558,0,0.894736842105263,0.983606557377049
"cg03293884",0,0,0,0.0188679245283019,0.8,0.243243243243243,0.0363636363636364
"cg00359285",0.846153846153846,1,0.6,0.709090909090909,0.0588235294117647,1,0.931818181818182
"cg20886183",0.972222222222222,0.947368421052632,0.333333333333333,0.612903225806452,0,0.983870967741935,0.883720930232558
"cg17382879",0.961538461538462,0.956521739130435,0.916666666666667,0.930232558139535,0.153846153846154,0.96551724137931,1
"cg05196076",0.558823529411765,1,0.909090909090909,0.377777777777778,0,0.893617021276596,0.875
"cg14387312",0.933333333333333,1,0.941176470588235,0.0161290322580645,0.0434782608695652,1,0.983606557377049
"cg09639715",0,0.818181818181818,0.823529411764706,0.396825396825397,0,0.976190476190476,0.893939393939394
"cg02121324",0.96875,1,0.933333333333333,0.658823529411765,0,0.916666666666667,1
"cg21618273",0.833333333333333,0.923076923076923,1,0.920634920634921,0.0476190476190476,0.6875,0.5
"cg00901982",0,0,0.111111111111111,0,0.8,0.027027027027027,0
"cg01115565",0.714285714285714,0.785714285714286,0.777777777777778,0.52,0,0.658536585365854,0.906976744186046
"cg26365147",0.0540540540540541,0.82051282051282,0.823529411764706,0.882352941176471,0,0.723404255319149,0.943661971830986
"cg03705784",0.0833333333333333,0.891304347826087,0.666666666666667,0.589285714285714,0,0.875,0.903846153846154
"cg17120578",0.892857142857143,0.923076923076923,0.714285714285714,0.865853658536585,0,0.941176470588235,0.961538461538462
"cg09446254",0.964285714285714,0.98,0.733333333333333,0.551401869158878,0.0952380952380952,0.888888888888889,0.915492957746479
"cg16957940",0.909090909090909,1,1,0.333333333333333,0,0.951219512195122,0.954545454545455
"cg10455413",0.96,0.96969696969697,1,0.831168831168831,0.0833333333333333,1,0.951219512195122
"cg00868766",1,0.633333333333333,0.5,0.489795918367347,0.0833333333333333,0.90625,0.933333333333333
"cg11430259",0.03125,0,0.0714285714285714,0.0181818181818182,0.928571428571429,0.444444444444444,0.169811320754717
"cg11940726",0.818181818181818,0.909090909090909,1,0.555555555555556,0,0.967741935483871,0.980392156862745
"cg03595886",0.756756756756757,0.91304347826087,0.636363636363636,0.0921052631578947,0.037037037037037,0.794117647058823,0.825242718446602
"cg08209336",0.974358974358974,1,1,0.314606741573034,0.05,0.976744186046512,1
"cg11433608",0.948717948717949,0.958333333333333,0.8125,0.56,0.157894736842105,0.975,0.982456140350877
"cg00449868",0.405405405405405,0.857142857142857,1,0.837209302325581,0,0.925925925925926,0.88
"cg06727703",0.527777777777778,0.866666666666667,0.857142857142857,0.428571428571429,0.05,0.788461538461538,0.986111111111111
"cg11150667",1,1,1,0.763157894736842,0.0909090909090909,1,1
"cg06777002",0.272727272727273,1,1,0.828571428571429,0.0588235294117647,0.96551724137931,1
"cg27219955",0.766666666666667,0.744186046511628,0.533333333333333,0.327868852459016,0,0.961538461538462,0.913793103448276
"cg27060387",0.903225806451613,0.714285714285714,1,0,0.0454545454545455,0.977272727272727,0.961538461538462
"cg14563921",0.894736842105263,0.961538461538462,0.8,0.717391304347826,0,1,0.914285714285714
"cg22233230",0.833333333333333,0.95,0.5,0.543478260869565,0,0.962962962962963,0.925925925925926
"cg22862635",0.0434782608695652,0.916666666666667,1,1,0,0.888888888888889,0.944444444444444
"cg24847996",0.962962962962963,0.91304347826087,1,0.625,0.111111111111111,0.848484848484849,0.958333333333333
"cg13696013",0.96969696969697,1,1,0.0847457627118644,0,0.95,0.938775510204082
"cg18485872",0.555555555555556,0.837837837837838,1,0.869565217391304,0.217391304347826,0.981132075471698,0.895522388059702
"cg15686157",1,0.952380952380952,1,0,0,1,0.976190476190476
"cg07121644",0.0882352941176471,0,0,0.0769230769230769,0.769230769230769,0.0256410256410256,0
"cg07887608",1,0.1875,1,0.807692307692308,0,0.933333333333333,0.966666666666667
"cg21663181",0.941176470588235,1,0.95,0.583333333333333,0,0.558823529411765,0.627118644067797
"cg01832935",0.958333333333333,0.952380952380952,1,0.431818181818182,0,0.935483870967742,1
"cg01288337",0.857142857142857,0,0.894736842105263,0.537313432835821,0,0.977272727272727,0.982142857142857
"cg01065100",0.611111111111111,0.975609756097561,1,0.603174603174603,0,0.568627450980392,1
"cg13209892",1,0.967741935483871,1,0.608695652173913,0.142857142857143,0.977777777777778,1
"cg16362481",0.181818181818182,0.760869565217391,0.6,0.454545454545455,0,1,0.962264150943396
"cg18106925",0,0.0309278350515464,0.0277777777777778,0.0286885245901639,0.0294117647058824,0.770992366412214,0.226744186046512
"cg16508883",0.032258064516129,0.0173913043478261,0,0.0033112582781457,0,0.58974358974359,0.246268656716418
"cg10037049",0,0,0.636363636363636,0.0416666666666667,0.266666666666667,1,0.0327868852459016
"cg03940848",0.0277777777777778,0.0277777777777778,0,0.0704225352112676,0,0.979591836734694,0.12962962962963
"cg15422005",0.027027027027027,0.0961538461538462,0.315789473684211,0.0735294117647059,0,0.977272727272727,0.025974025974026
"cg04440182",0.931034482758621,0.458333333333333,0.833333333333333,0.953488372093023,1,0,0.949152542372881
"cg06691250",0,0,0,0.0172413793103448,0,0.862745098039216,0.0816326530612245
"cg20935165",0.0384615384615385,0,0,0.032967032967033,0.0833333333333333,1,0.0652173913043478
"cg06617876",0.0227272727272727,0.459459459459459,0.0555555555555556,0.012987012987013,0,0.851351351351351,0.129032258064516
"cg04947907",0.0294117647058824,0,0.125,0,0,0.916666666666667,0.136363636363636
"cg00740822",0.233333333333333,0.0384615384615385,0.111111111111111,0.0461538461538462,0.142857142857143,0.87719298245614,0
"cg12534424",0,0,0,0.115384615384615,0,0.910714285714286,0.162162162162162
"cg03654166",0.91304347826087,0.954545454545455,1,0.962962962962963,1,0.0263157894736842,0.952380952380952
"cg05963821",0,0,0,0,0.0526315789473684,0.842105263157895,0
"cg09657982",0,0,0.0625,0.0327868852459016,0.19047619047619,0.954545454545455,0.161290322580645
"cg14200725",0,0,0,0.0166666666666667,0.0555555555555556,0.939393939393939,0.0625
"cg16371864",0,0,0.0588235294117647,0,0,0.891891891891892,0.06
"cg26427115",0,0.147058823529412,0,0.0123456790123457,0,1,0.0576923076923077
"cg23004960",0,0.12,0.153846153846154,0.0769230769230769,0.130434782608696,0.901960784313726,0.109090909090909
"cg17179881",0.0606060606060606,0.185185185185185,0.105263157894737,0.0847457627118644,0.0588235294117647,0.950819672131147,0.358208955223881
"cg02153855",0,0,0.4,0,0.0833333333333333,0.894736842105263,0
"cg20793623",1,1,1,1,1,0.032258064516129,0.947368421052632
"cg04651042",0.0181818181818182,0.0232558139534884,0,0.0147058823529412,0,0.849056603773585,0.305084745762712
"cg09594069",0,0,0,0,0,0.886363636363636,0.22
"cg03200166",0,0.0526315789473684,0.0833333333333333,0.0144927536231884,0.0555555555555556,0.837837837837838,0
"cg20469837",0,0.0714285714285714,0.117647058823529,0,0.0588235294117647,0.977272727272727,0.58695652173913
"cg10142436",0.027027027027027,0.0344827586206897,0.7,0,0,0.970588235294118,0.0491803278688525
"cg05864868",0,0,0,0,0,0.976190476190476,0.305882352941176
"cg04793527",0.0333333333333333,1,0.2,0.018018018018018,0.0588235294117647,0.945454545454545,0.142857142857143
"cg02483661",0,0.0416666666666667,0,0.186440677966102,0,1,0.2
"cg08403885",0.0196078431372549,0.0487804878048781,0.217391304347826,0.00833333333333333,0,0.772727272727273,0.278481012658228
"cg18717423",0,0,0.333333333333333,0.152173913043478,0,0.92156862745098,0.193548387096774
"cg18963953",0,0.142857142857143,0.375,0.0192307692307692,0,1,0.134615384615385
"cg09692695",0.121951219512195,0.0476190476190476,0.2,0.0305343511450382,0,0.981132075471698,0.753623188405797
"cg16260424",0,0.131868131868132,0,0.0530612244897959,0,0.555555555555556,0.094017094017094
"cg11750851",0,0.147058823529412,0,0.00862068965517241,0.0909090909090909,0.975609756097561,0.457627118644068
"cg10253929",0.0666666666666667,0,0,0,0.0909090909090909,1,0.204545454545455
"cg04307107",0.0512820512820513,0.1875,0.1875,0.0285714285714286,0,0.872727272727273,0.211267605633803
"cg13096007",0,0,0,0.0666666666666667,0,0.977272727272727,0.377358490566038
"cg00644814",0.0512820512820513,0.032258064516129,0.235294117647059,0.1,0.2,1,0.285714285714286
"cg03714619",0,0,0,0.00943396226415094,0.0909090909090909,0.777777777777778,0.0333333333333333
"cg24685998",0,0,0,0.0588235294117647,0.6,0.928571428571429,0.15
"cg11668419",0.0204081632653061,0.708333333333333,0.7,0,0.111111111111111,0.931034482758621,0.0588235294117647
"cg15296767",0.032258064516129,0,0,0,0,0.692307692307692,0.0476190476190476
"cg05587756",0,0,0,0.024390243902439,0,0.642857142857143,0.140625
"cg25104133",0,0,0.0909090909090909,0.00961538461538462,0,0.697674418604651,0.028169014084507
"cg20525088",0,0.0285714285714286,0,0.491525423728814,0.4,0.96078431372549,0.0617283950617284
"cg19809791",0.0595238095238095,0.0491803278688525,0,0.0210526315789474,0,0.572815533980582,0.2
"cg22488717",0,0.333333333333333,0.166666666666667,0.0769230769230769,0.333333333333333,0.973684210526316,0.0701754385964912
"cg15524063",0,0,0,0.0229885057471264,0.166666666666667,0.805555555555556,0.0196078431372549
"cg01845091",0.05,0.0256410256410256,0.142857142857143,0.0344827586206897,0.176470588235294,0.891304347826087,0.1875
"cg11013714",1,0.967741935483871,0.9,0.948275862068966,1,0.05,0.351851851851852
"cg17510003",0.0967741935483871,0,0,0.0161290322580645,0,0.883720930232558,0.188405797101449
"cg07890839",0,0.0357142857142857,0,0.173913043478261,0,0.880952380952381,0.0476190476190476
"cg05208572",0.494252873563218,0.26984126984127,0.28125,0.0673575129533679,0.105263157894737,0.870967741935484,0.467105263157895
"cg08083757",1,0.945945945945946,1,0.838709677419355,0.545454545454545,0.0175438596491228,0.515151515151515
"cg14202679",0,0.0277777777777778,0.12,0.0384615384615385,0,0.906976744186046,0.262295081967213
"cg03669698",0,0.0416666666666667,0.545454545454545,0.0161290322580645,0,0.808510638297872,0.0666666666666667
"cg23752000",0.16,0.111111111111111,0.0833333333333333,0.0784313725490196,0,0.833333333333333,0.0597014925373134
"cg03398383",0.935483870967742,0.88,1,0.988372093023256,0.952380952380952,0.270833333333333,1
"cg06638827",0,0,0,0.02,0.0588235294117647,0.790697674418605,0.0701754385964912
"cg18943588",0.0344827586206897,0,0,0.0232558139534884,0,0.840909090909091,0.0975609756097561
"cg05776704",0.0454545454545455,0.0454545454545455,0,0.0888888888888889,0.333333333333333,0.96875,0.0227272727272727
"cg11839863",0,0.32258064516129,0,0.0377358490566038,0,0.955555555555556,0.258064516129032
"cg02232704",0,0.0294117647058824,0,0.0357142857142857,0.166666666666667,0.96551724137931,0.0697674418604651
"cg24576425",0,0,0,0.0111111111111111,0,0.970588235294118,0.444444444444444
"cg18328334",0.333333333333333,0.535714285714286,0.0625,0.0392156862745098,0,1,0.909090909090909
"cg02988698",0,0,0.416666666666667,0,0.0909090909090909,0.868421052631579,0.024390243902439
"cg12176709",0.142857142857143,0.0277777777777778,0,0.1,0.153846153846154,0.904761904761905,0.0638297872340425
"cg13902110",0.0333333333333333,0.0416666666666667,0.166666666666667,0.101449275362319,0,0.894736842105263,0.0357142857142857
"cg12486308",0,0.0294117647058824,0.111111111111111,0,0,0.904761904761905,0.280701754385965
"cg00484122",0,0,0,0.0151515151515152,0,0.955555555555556,0.825396825396825
"cg13798384",0,0.424242424242424,0.2,0.0588235294117647,0,0.877551020408163,0
"cg24249916",0.0645161290322581,0,0.0833333333333333,0.0188679245283019,0.1,0.928571428571429,0.25
"cg15203735",0,0,0,0.0153846153846154,0.117647058823529,0.824561403508772,0.321428571428571
"cg26230851",0.947368421052632,0.941176470588235,0.947368421052632,0.862068965517241,0.666666666666667,0.111111111111111,0.890625
"cg04058281",0,0,0.5,0,0,0.976190476190476,0.272727272727273
"cg20091636",0.037037037037037,0.68,0.909090909090909,0.0149253731343284,0,1,0.21875
"cg03000596",0.583333333333333,0,0.5,0.112676056338028,0.238095238095238,0.983050847457627,0.417910447761194
"cg13875012",0,0.0333333333333333,0,0.101123595505618,0.333333333333333,0.82,0.0909090909090909
"cg01488679",0.0833333333333333,0,0.307692307692308,0.0727272727272727,0.176470588235294,0.909090909090909,0.147540983606557
"cg02155398",0.0930232558139535,0,0.0666666666666667,0.0258620689655172,0,0.733333333333333,0.0579710144927536
"cg27409015",0.0416666666666667,0.0333333333333333,0,0.00952380952380952,0,0.971428571428571,0.525
"cg10505580",0.157894736842105,0.0540540540540541,0.111111111111111,0.183673469387755,0.142857142857143,0.975,0.169230769230769
"cg04812615",0,0,0,0,0,0.717948717948718,0.0483870967741935
"cg07707031",0,0.0434782608695652,0,0,0,0.714285714285714,0.0784313725490196
"cg20893579",0,0,0,0.0806451612903226,0.0666666666666667,0.826086956521739,0.148148148148148
"cg06163738",1,0.911764705882353,1,0.935483870967742,0.909090909090909,0.349206349206349,1
"cg01059913",0,0,0,0.0125,0.0714285714285714,0.692307692307692,0.0178571428571429
"cg00030774",0,0.0714285714285714,0.153846153846154,0.0166666666666667,0.214285714285714,1,0.60655737704918
"cg00456299",0.27027027027027,0,0.2,0,0,0.842105263157895,0.0701754385964912
"cg08967106",0,0,0,0,0,1,0.297297297297297
"cg07002447",0.0769230769230769,0.2,0.0769230769230769,0.0697674418604651,0,0.909090909090909,0.140845070422535
"cg08535779",0.0512820512820513,0.678571428571429,0.333333333333333,0.0545454545454545,0.133333333333333,0.982142857142857,0.642857142857143
"cg12768969",0.2,0,0,0.0714285714285714,0.0952380952380952,0.885714285714286,0.0185185185185185
"cg27005749",0,0,0.117647058823529,0.0571428571428571,0,0.972222222222222,0.461538461538462
"cg05508585",0.05,0.0714285714285714,0.0833333333333333,0.1,0,0.894736842105263,0.0491803278688525
"cg23352747",0,0,0,0.0120481927710843,0,0.659090909090909,0
"cg13674411",0.0588235294117647,1,1,0.106194690265487,0,0.979166666666667,0.140350877192982
"cg24981593",0.0303030303030303,0.148148148148148,0,0.010989010989011,0,0.769230769230769,0.0204081632653061
"cg22808086",0.981818181818182,0.784090909090909,0.52,0.947916666666667,1,1,0.0756302521008403
"cg03913136",0.971428571428571,1,1,1,0.91304347826087,1,0.0731707317073171
"cg01942751",0.974358974358974,1,1,0.945652173913043,1,0.897435897435897,0
"cg11505048",0.888888888888889,0.972972972972973,0.944444444444444,0.976190476190476,1,0.982456140350877,0.0675675675675676
"cg08124372",0.705128205128205,0.699029126213592,0.7,0.639784946236559,0.682926829268293,0.510344827586207,0.0268817204301075
"cg19246018",0.975609756097561,1,1,0.951807228915663,1,0.883720930232558,0.0147058823529412
"cg17031475",1,1,0.666666666666667,0.966666666666667,1,0.975609756097561,0.0266666666666667
"cg07768268",0.956521739130435,0.944444444444444,1,0.980769230769231,1,0.973684210526316,0.0142857142857143
"cg25705452",1,0.923076923076923,1,1,1,0.955555555555556,0.04
"cg05568234",0.942857142857143,0.740740740740741,1,0.963636363636364,1,0.980769230769231,0.0238095238095238
"cg25409554",0.971428571428571,0.904761904761905,1,1,1,0.8,0
"cg06020529",1,0.944444444444444,1,0.939393939393939,0.928571428571429,0.98,0.0298507462686567
"cg15028232",0.96969696969697,0.952380952380952,1,1,1,0.861111111111111,0
"cg20659057",1,0.961538461538462,1,0.985074626865672,0.944444444444444,1,0.0704225352112676
"cg06507072",0.939393939393939,1,1,0.981481481481482,1,0.894736842105263,0.0144927536231884
"cg04419754",1,1,1,1,1,1,0.0338983050847458
"cg14931683",0.918918918918919,1,1,0.934426229508197,0.857142857142857,0.852941176470588,0
"cg22346032",0.935483870967742,0.961538461538462,1,1,0.8,0.930232558139535,0.0263157894736842
"cg18854424",0.935483870967742,0.91869918699187,0.95,0.899082568807339,0.837209302325581,0.952054794520548,0.410628019323671
"cg12097330",0.939393939393939,1,0.75,1,1,1,0.0285714285714286
"cg01101459",0.96969696969697,0.863636363636364,1,0.948717948717949,0.888888888888889,0.854838709677419,0
"cg02514888",1,0.885714285714286,0.9,0.961904761904762,1,0.976744186046512,0.0563380281690141
"cg26735153",1,0.966666666666667,1,0.975,1,0.975609756097561,0.118421052631579
"cg24018841",1,0.973684210526316,0.866666666666667,0.966101694915254,0.714285714285714,0.975,0
"cg11307417",0.948717948717949,1,1,1,1,0.904761904761905,0.0277777777777778
"cg13956443",1,1,0.952380952380952,0.985074626865672,1,1,0.0869565217391304
"cg08278732",1,0.9,1,0.987012987012987,0.952380952380952,1,0.072463768115942
"cg14009820",0.956521739130435,0.96551724137931,0.928571428571429,0.97752808988764,1,0.788461538461538,0.0138888888888889
"cg08027123",1,1,0.714285714285714,0.963414634146341,0.909090909090909,0.944444444444444,0.0506329113924051
"cg22142968",1,0.9,1,0.952380952380952,1,0.96078431372549,0.0657894736842105
"cg25878744",1,1,0.611111111111111,0.962962962962963,0.9,0.971428571428571,0.0140845070422535
"cg26967755",0.96875,0.96551724137931,1,0.966101694915254,1,0.962962962962963,0.0441176470588235
"cg12098183",1,1,1,0.991379310344828,1,0.959183673469388,0.126984126984127
"cg25403488",0.964285714285714,0.875,0.727272727272727,0.877551020408163,1,0.970588235294118,0
"cg13247117",1,0.866666666666667,1,0.99,0.9,0.86046511627907,0.0151515151515152
"cg01896918",0.96969696969697,0.958333333333333,0.8,0.94,1,0.979166666666667,0
"cg10575369",1,0.892857142857143,1,0.954545454545455,0.928571428571429,0.975609756097561,0.0163934426229508
"cg06413043",0.971428571428571,0.96969696969697,1,0.983333333333333,1,0.938775510204082,0.0714285714285714
"cg01936220",0.964285714285714,1,0.941176470588235,0.928571428571429,1,0.947368421052632,0.0410958904109589
"cg02117713",0.903225806451613,0.939393939393939,0.923076923076923,0.980392156862745,1,1,0.028169014084507
"cg20233727",0.96551724137931,0.95,0.9,0.966101694915254,1,1,0.028169014084507
"cg26038547",0.976744186046512,0.953488372093023,1,0.983050847457627,1,0.972972972972973,0.0882352941176471
"cg12612687",0.947368421052632,1,0.923076923076923,0.777777777777778,0.875,0.912280701754386,0
"cg14341310",0.970588235294118,0.971428571428571,0.947368421052632,0.924242424242424,1,0.936170212765957,0
"cg10464130",0.942857142857143,0.6,1,1,1,0.931818181818182,0
"cg20182983",0.970588235294118,0.96875,0.956521739130435,0.966666666666667,1,1,0.0333333333333333
"cg25256383",0.944444444444444,0.96969696969697,1,0.947368421052632,1,0.977272727272727,0.0454545454545455
"cg14853341",1,0.848484848484849,0.866666666666667,1,0.916666666666667,0.975,0.0461538461538462
"cg22156128",0.96551724137931,1,1,0.932203389830508,1,0.790697674418605,0.025974025974026
"cg11874976",0.96551724137931,1,1,0.96078431372549,0.95,0.926829268292683,0.0303030303030303
"cg14777509",1,1,1,1,1,1,0.0158730158730159
"cg27532845",1,0.882352941176471,0.6,0.967391304347826,0.923076923076923,0.9,0
"cg23195028",1,0.903225806451613,0.75,0.930555555555556,1,1,0
"cg07041720",0.925925925925926,1,0.909090909090909,0.945205479452055,0.923076923076923,0.956521739130435,0.0158730158730159
"cg16601957",0.96969696969697,1,1,0.981132075471698,1,0.92,0.0303030303030303
"cg23079012",1,1,1,0.957446808510638,1,0.862068965517241,0.0163934426229508
"cg21931263",1,0.903225806451613,0.894736842105263,0.986666666666667,0.923076923076923,0.842105263157895,0.0416666666666667
"cg15617706",0.956521739130435,1,0.909090909090909,0.985507246376812,0.947368421052632,0.964285714285714,0.12987012987013
"cg20590643",1,0.888888888888889,1,0.96969696969697,1,0.925925925925926,0.0169491525423729
"cg05380885",0.979166666666667,0.633333333333333,0.95,0.958333333333333,0.909090909090909,0.96,0.123595505617978
"cg14377059",1,1,1,1,1,1,0.0576923076923077
"cg26987720",0.90625,0.977777777777778,0.8,0.947368421052632,0.944444444444444,0.954545454545455,0.0428571428571429
"cg05235248",0.944444444444444,0.888888888888889,0.909090909090909,0.975,0.866666666666667,1,0
"cg06717814",0.972972972972973,1,0.909090909090909,0.980769230769231,1,0.851063829787234,0.0615384615384615
"cg21347738",0.925925925925926,1,1,0.983050847457627,1,0.952380952380952,0.0714285714285714
"cg19327006",1,0.914285714285714,1,0.971428571428571,1,0.895833333333333,0.0606060606060606
"cg00953201",1,1,0.875,1,1,0.966666666666667,0.0461538461538462
"cg15408722",1,0.970588235294118,1,0.888888888888889,1,1,0.0144927536231884
"cg04979551",0.956521739130435,0.903225806451613,0.846153846153846,0.981481481481482,0.928571428571429,0.98,0
"cg05631399",0.9375,0.9375,0.678571428571429,0.9625,1,0.970588235294118,0.0441176470588235
"cg12247164",1,1,1,1,1,0.770491803278688,0.0428571428571429
"cg15109744",1,0.945945945945946,1,0.952830188679245,0.842105263157895,1,0.1
"cg16226261",0.925925925925926,0.864864864864865,0.727272727272727,0.974025974025974,0.9,0.964285714285714,0.0303030303030303
"cg05801879",1,0.96875,1,0.977272727272727,0.909090909090909,0.806451612903226,0.0277777777777778
"cg02282247",1,0.885714285714286,1,0.988636363636364,0.954545454545455,0.951219512195122,0.0508474576271186
"cg11498726",0.975609756097561,0.947368421052632,1,0.934782608695652,0.928571428571429,1,0
"cg23198038",0.975609756097561,1,0.928571428571429,0.964912280701754,0.928571428571429,1,0.1
"cg20838429",1,0.923076923076923,0.833333333333333,0.938271604938272,1,0.925,0
"cg18513023",0.96875,1,0.904761904761905,0.978723404255319,1,0.928571428571429,0.0821917808219178
"cg08141142",1,1,0.823529411764706,0.980392156862745,1,0.975609756097561,0.0857142857142857
"cg03123170",1,0.96969696969697,0.807692307692308,0.963636363636364,1,0.981818181818182,0.0972222222222222
"cg06557376",1,1,1,0.979591836734694,1,1,0.0769230769230769
"cg01103443",1,1,1,0.982456140350877,1,0.962962962962963,0.0344827586206897
"cg07016511",0.914285714285714,0.964285714285714,0.944444444444444,0.865546218487395,0.8125,0.934782608695652,0.0617283950617284
"cg21844472",0.956521739130435,1,1,0.975,1,0.96969696969697,0
"cg08099685",0.925,1,0.928571428571429,0.941176470588235,1,0.977272727272727,0.0625
"cg10239163",1,0.903225806451613,0.923076923076923,0.975308641975309,1,0.862745098039216,0
"cg02202664",1,1,1,0.983050847457627,0.933333333333333,0.975609756097561,0.0363636363636364
"cg07323350",0,0,0,0.0121951219512195,0,0.0172413793103448,0.901960784313726
"cg20003124",0.972222222222222,1,0.9,0.983333333333333,1,0.951219512195122,0.142857142857143
"cg04817908",0.971428571428571,0.970588235294118,0.9,0.976190476190476,1,0.945945945945946,0
"cg16988166",0.791666666666667,0.884615384615385,0.916666666666667,0.930232558139535,1,0.956521739130435,0
"cg18470780",1,0.851851851851852,1,0.973684210526316,0.95,0.928571428571429,0.0144927536231884
"cg04963697",0.96969696969697,1,0.6,0.943396226415094,0.888888888888889,0.976744186046512,0.0158730158730159
"cg16678111",0.970588235294118,0.793103448275862,0.833333333333333,0.968085106382979,1,0.981481481481482,0.0746268656716418
"cg03526902",0.958333333333333,0.956521739130435,0.9,0.955223880597015,0.928571428571429,0.789473684210526,0.027027027027027
"cg16797751",1,0.923076923076923,1,0.893333333333333,1,0.558139534883721,0
"cg21683025",1,0.967741935483871,0.888888888888889,0.948453608247423,1,0.977777777777778,0.0350877192982456
"cg15618674",1,0.911764705882353,1,0.984848484848485,1,0.967741935483871,0.15
"cg16400320",0.962962962962963,1,0.9375,0.984615384615385,1,0.976190476190476,0.114285714285714
